"Reference","Qty","Value","DNP","Footprint","Datasheet","Manufacturer","MPN"
"C1,C3,C5,C6,C14,C15,C17,C18,C38","9","10µF, 16V","","Capacitor_SMD:C_0603_1608Metric","https://search.murata.co.jp/Ceramy/image/img/A01X/G101/ENG/GRT188R61C106KE13-01.pdf","Murata Electronics","GRT188R61C106KE13D"
"C2,C4,C7,C8,C9,C13,C16,C19,C20,C29,C32,C33,C37,C63,C64,C65","16","100nF, 16V","","Capacitor_SMD:C_0402_1005Metric","https://weblib.samsungsem.com/mlcc/mlcc-ec-data-sheet.do?partNumber=CL05B104KO5NNN","Samsung Electro-Mechanics","CL05B104KO5NNNC"
"C10,C11","2","4.7µF, 50V","","Capacitor_SMD:C_0805_2012Metric","https://search.murata.co.jp/Ceramy/image/img/A01X/G101/ENG/GRT21BR61H475KE13-01.pdf","Murata Electronics","GRT21BR61H475KE13L"
"C12,C23,C26,C36,C41,C47,C53,C59","8","100nF, 50V","","Capacitor_SMD:C_0402_1005Metric","https://search.murata.co.jp/Ceramy/image/img/A01X/G101/ENG/GRM155R61H104KE14-01.pdf","Murata Electronics","GRM155R61H104KE14D"
"C21,C22,C24,C25,C34,C35,C42,C43,C45,C46,C51,C52,C57,C58","14","10µF, 50V","","Capacitor_SMD:C_0603_1608Metric","https://search.murata.co.jp/Ceramy/image/img/A01X/G101/ENG/GRM21BR61H106KE43-01A.pdf","Murata Electronics","GRM21BR61H106KE43L"
"C27","1","470pF, 50V","","Capacitor_SMD:C_0402_1005Metric","https://yageogroup.com/content/datasheet/asset/file/UPY-GPHC_X7R_6_3V-TO-250V","YAGEO","CC0402KRX7R9BB471"
"C28","1","100µF","","Capacitor_SMD:CP_Elec_8x6.9","https://yageogroup.com/content/datasheet/asset/file/KEM_A4088_A768","KEMET","A768KE107M1VLAS036"
"C30,C31","2","10pF, 1%","","Capacitor_SMD:C_0402_1005Metric","https://search.murata.co.jp/Ceramy/image/img/A01X/G101/ENG/GRT1555C1H100FA02-01.pdf","Murata Electronics","GRT1555C1H100FA02D"
"C39,C48,C54,C60","4","22nF, 50V","","Capacitor_SMD:C_0402_1005Metric","https://search.murata.co.jp/Ceramy/image/img/A01X/G101/ENG/GRM155R71H223JA12-01A.pdf","Murata Electronics","GRM155R71H223JA12D"
"C40,C49,C55,C61","4","220nF, 16V","","Capacitor_SMD:C_0603_1608Metric","https://mm.digikey.com/Volume0/opasdata/d220001/medias/docus/920/CL10B224KO8NNNC_Spec.pdf","Samsung Electro-Mechanics","CL10B224KO8NNNC"
"C44,C50,C56,C62","4","470nF, 10V","","Capacitor_SMD:C_0402_1005Metric","https://search.murata.co.jp/Ceramy/image/img/A01X/G101/ENG/GRM155R71A474KE01-01.pdf","Murata Electronics","GRM155R71A474KE01D"
"D1,D2,D3,D5,D7,D8,D9,D10,D11,D12,D13,D14,D16","13","SS14","","Diode_SMD:D_SMA","https://www.onsemi.com/pdf/datasheet/ss19-d.pdf","onsemi","SS14"
"D4,D15","2","SMF15CA","","Diode_SMD:D_SOD-123F","https://diotec.com/request/datasheet/smf50a.pdf","Diotec Semiconductor","SMF15CA"
"D6","1","D_TVS_Dual_AAC","","Package_TO_SOT_SMD:SOT-23-3","https://www.onsemi.com/pdf/datasheet/nup2105l-d.pdf","onsemi","NUP2105LT1G"
"J1,J2","2","USB_C_Receptacle_USB2.0_16P","","Connector_USB:USB_C_Receptacle_GCT_USB4105-xx-A_16P_TopMnt_Horizontal","https://gct.co/files/specs/usb4105-spec.pdf","GCT","USB4105-GF-A"
"J3,J6","2","Conn_01x02_Socket","","Connector_AMASS:AMASS_XT60-M_1x02_P7.20mm_Vertical","","Changzhou Amass Elec","XT60-M"
"J4,J5","2","Conn_01x02_Socket","","Connector_PinHeader_2.54mm:PinHeader_1x02_P2.54mm_Vertical","https://suddendocs.samtec.com/catalog_english/td.pdf","Samtec Inc.","TS-102-T-A"
"J7","1","5267-03A","","Connector_Molex:Molex_SPOX_5267-03A_1x03_P2.50mm_Vertical","https://www.molex.com/en-us/products/part-detail-pdf/22035035?display=pdf","Molex","22-03-5035"
"J8","1","Screw_Terminal_01x05","","TerminalBlock_CUI:TerminalBlock_CUI_TB007-508-05_1x05_P5.08mm_Horizontal","https://www.sameskydevices.com/product/resource/tb007-508.pdf","Same Sky","TB007-508-05BE"
"J9","1","Conn_01x06_Pin","","Connector_PinHeader_2.54mm:PinHeader_1x06_P2.54mm_Vertical","https://www.te.com/usa-en/product-5-146278-6.datasheet.pdf","TE Connectivity AMP Connectors","5-146278-6"
"J10,J11,J12,J13","4","Screw_Terminal_01x06","","TerminalBlock_CUI:TerminalBlock_CUI_TB007-508-06_1x06_P5.08mm_Horizontal","https://www.sameskydevices.com/product/resource/tb007-508.pdf","Same Sky","TB007-508-06BE"
"J14","1","Conn_02x04_Odd_Even","","Connector_PinHeader_2.54mm:PinHeader_2x04_P2.54mm_Vertical","https://content.harwin.com/m/847482046069c548/original/PD008-Product-Datasheet-INDESS-range-M20-and-M22-BBi.pdf","Harwin Inc.","M20-7830446"
"J15","1","Conn_01x04_MountingPin","","Connector_JST:JST_SH_SM04B-SRSS-TB_1x04-1MP_P1.00mm_Horizontal","https://www.jst-mfg.com/product/pdf/eng/eSH.pdf","JST","SM04B-SRSS-TB"
"J16,J17","2","Conn_01x06_Socket","","Connector_PinSocket_2.54mm:PinSocket_1x06_P2.54mm_Vertical","https://www.te.com/commerce/DocumentDelivery/DDEController?Action=srchrtrv&DocNm=534237&DocType=Customer+Drawing&DocLang=English","TE Connectivity AMP Connectors","5-534237-4"
"J18","1","Conn_01x03_Pin","","Connector_PinHeader_2.54mm:PinHeader_1x03_P2.54mm_Vertical","https://suddendocs.samtec.com/catalog_english/td.pdf","Samtec Inc.","TS-103-T-A"
"L1","1","3.3 µH","","Inductor_SMD:L_Bourns_SRR1210A","https://www.bourns.com/docs/Product-Datasheets/SRR1210.pdf","Bourns","SRR1210-3R3Y"
"Q1,Q2","2","MMBT3904","","Package_TO_SOT_SMD:SOT-23","https://www.onsemi.com/pdf/datasheet/pzt3904-d.pdf","onsemi","MMBT3904LT1G"
"Q3","1","MMBT3906LT1G","","Package_TO_SOT_SMD:SOT-23","https://www.onsemi.com/pdf/datasheet/mmbt3906lt1-d.pdf","onsemi","MMBT3906LT1G"
"R1,R2,R3,R4","4","5.1 kΩ, 0.1%","","Resistor_SMD:R_0402_1005Metric","https://industrial.panasonic.com/cdbs/www-data/pdf/RDM0000/AOA0000C307.pdf","Panasonic","ERA-2AEB512X"
"R5","1","1 kΩ, 5%","","Capacitor_SMD:C_0402_1005Metric","https://yageogroup.com/content/datasheet/asset/file/PYU-RC_GROUP_51_ROHS_L","YAGEO","RC0402JR-071KL"
"R6","1","22.1 kΩ, 1%","","Capacitor_SMD:C_0402_1005Metric","https://industrial.panasonic.com/cdbs/www-data/pdf/RDA0000/AOA0000C304.pdf","Panasonic","ERJ-2RKF2212X"
"R7","1","47.5 kΩ, 1%","","Capacitor_SMD:C_0402_1005Metric","https://yageogroup.com/content/datasheet/asset/file/PYU-RC_GROUP_51_ROHS_L","YAGEO","RC0402FR-0747K5L"
"R8,R11,R12,R15,R17,R19,R20,R23,R24,R26,R27,R29,R30,R31","14","10kΩ, 5%","","Resistor_SMD:R_0402_1005Metric","https://yageogroup.com/content/datasheet/asset/file/PYU-RC_GROUP_51_ROHS_L","YAGEO","RC0402JR-0710KL"
"R9","1","100kΩ, 0.1%","","Capacitor_SMD:C_0402_1005Metric","https://yageogroup.com/content/datasheet/asset/file/PYU-RT_1-TO-0-01_ROHS_L","YAGEO","RT0402BRE07100KL"
"R10","1","19.1 kΩ, 0.1%","","Capacitor_SMD:C_0402_1005Metric","https://yageogroup.com/content/datasheet/asset/file/PYU-RT_1-TO-0-01_ROHS_L","YAGEO","RT0402BRD0719K1L"
"R13","1","20kΩ, 5%","","Resistor_SMD:R_0402_1005Metric","https://yageogroup.com/content/datasheet/asset/file/PYU-RC_GROUP_51_ROHS_L","YAGEO","RC0402JR-0720KL"
"R14","1","100Ω, 5%","","Resistor_SMD:R_0402_1005Metric","https://industrial.panasonic.com/cdbs/www-data/pdf/RDO0000/AOA0000C331.pdf","Panasonic","ERJ-PA2J101X"
"R16","1","100Ω, 5%","","Resistor_SMD:R_0402_1005Metric","https://yageogroup.com/content/datasheet/asset/file/PYU-RT_1-TO-0-01_ROHS_L","YAGEO","RT0805FRE07120RL"
"R18","1","120Ω, 5%","","Resistor_SMD:R_0805_2012Metric","https://industrial.panasonic.com/cdbs/www-data/pdf/RDO0000/AOA0000C331.pdf","Panasonic","ERJ-PA2J101X"
"R21,R22,R25,R28","4","330kΩ, 5%","","Resistor_SMD:R_0402_1005Metric","https://yageogroup.com/content/datasheet/asset/file/PYU-RC_GROUP_51_ROHS_L","YAGEO","RC0402FR-07330KL"
"SW1,SW2","2","SW_Push","","Button_Switch_SMD:SW_Push_1P1T_NO_CK_KMR2","http://www.ckswitches.com/media/1479/kmr2.pdf","C&K","KMR223G LFG"
"U1,U2","2","USBLC6-2P6","","Package_TO_SOT_SMD:SOT-666","https://www.st.com/resource/en/datasheet/usblc6-2.pdf","STMicroelectronics","USBLC6-2P6"
"U3","1","CP2102N-A02-GQFN24","","Package_DFN_QFN:QFN-24-1EP_4x4mm_P0.5mm_EP2.6x2.6mm_ThermalVias","https://www.silabs.com/documents/public/data-sheets/cp2102n-datasheet.pdf","Silicon Labs","CP2102N-A02-GQFN24"
"U4","1","ESP32-S3-WROOM-1","","RF_Module:ESP32-S3-WROOM-1","https://www.espressif.com/sites/default/files/documentation/esp32-s3-wroom-1_wroom-1u_datasheet_en.pdf","Espressif Systems","ESP32-S3-WROOM-1-N16R8"
"U5","1","LMR51635YDDCR","","Package_TO_SOT_SMD:TSOT-23-6","https://www.ti.com/lit/ds/symlink/lmr51635.pdf","Texas Instruments","LMR51635YDDCR"
"U6","1","LD39200PU33R","","URC:LD39200PU33R","https://www.st.com/content/ccc/resource/technical/document/datasheet/4b/e6/2e/a4/16/04/46/9d/DM00102135.pdf/files/DM00102135.pdf/jcr:content/translations/en.DM00102135.pdf","STMicroelectronics","LD39200PU33R"
"U7","1","SN74LVC1G125DBV","","Package_TO_SOT_SMD:SOT-23-5","http://www.ti.com/lit/ds/symlink/sn74lvc1g125.pdf","Texas Instruments","SN74LVC1G125DBVR"
"U8","1","SN74LVC1G126DBV","","Package_TO_SOT_SMD:SOT-23-5","http://www.ti.com/lit/ds/symlink/sn74lvc1g126.pdf","Texas Instruments","SN74LVC1G126DBVR"
"U9","1","MCP2518FD-xQBB","","Package_DFN_QFN:DFN-14-1EP_3x4.5mm_P0.65mm_EP1.65x4.25mm_ThermalVias","https://ww1.microchip.com/downloads/aemDocuments/documents/OTH/ProductDocuments/DataSheets/External-CAN-FD-Controller-with-SPI-Interface-DS20006027B.pdf","Microchip Technology","MCP2518FDT-E/QBB"
"U10","1","MCP2562-E-SN","","Package_SO:SOIC-8_3.9x4.9mm_P1.27mm","http://ww1.microchip.com/downloads/en/DeviceDoc/25167A.pdf","Microchip Technology","MCP2562-E/SN"
"U11","1","STM32G431KBU6","","Package_DFN_QFN:QFN-32-1EP_5x5mm_P0.5mm_EP3.45x3.45mm_ThermalVias","https://www.st.com/resource/en/datasheet/stm32g431kb.pdf","STMicroelectronics","STM32G431KBU6"
"U12,U13,U14,U15","4","DRV8256PRGER","","Package_DFN_QFN:VQFN-24-1EP_4x4mm_P0.5mm_EP2.5x2.5mm_ThermalVias","https://www.ti.com/lit/ds/symlink/drv8256.pdf","Texas Instruments","DRV8256PRGER"
"Y1","1","40 MHz","","Crystal:Crystal_SMD_5032-2Pin_5.0x3.2mm","https://www.hcixtal.com/uploads/44524/files/0153G2.pdf","SUZHOU HANGJING ELEC&TECH CO., LTD","0153G2-40.000F18HPLJK"
